total_loss,coord_loss,obj_loss,noobj_loss,class_loss
19720.919039408367,428.47973811626434,2160.47101354599,17131.968290964764,0.0
